kepid,kepoi_name,kepler_name,koi_period,koi_prad,koi_count
11253711,K01972.02,Kepler-1031 b,1.226223959,1.00,2
11253711,K01972.01,,17.791086670,2.88,2
