kepid,kepoi_name,kepler_name,koi_period,koi_prad,koi_count
11153121,K01647.03,,6.330274760,1.02,3
11153121,K01647.02,Kepler-313 c,32.275385300,2.31,3
11153121,K01647.01,Kepler-313 b,14.970316640,2.53,3
