kepid,kepoi_name,kepler_name,koi_period,koi_prad,koi_count
5689351,K00505.03,Kepler-169 b,3.250582010,1.19,5
5689351,K00505.02,Kepler-169 c,6.195459500,1.37,5
5689351,K00505.04,Kepler-169 d,8.348192090,1.45,5
5689351,K00505.01,Kepler-169 e,13.767100580,2.24,5
5689351,K00505.05,Kepler-169 f,87.091259400,2.95,5
